{"assets/audio/.DS_Store":["assets/audio/.DS_Store"],"assets/audio/error.mp3":["assets/audio/error.mp3"],"assets/audio/gameintroo.mp3":["assets/audio/gameintroo.mp3"],"assets/audio/key.mp3":["assets/audio/key.mp3"],"assets/audio/nice.mp3":["assets/audio/nice.mp3"],"assets/fonts/LotsOfDotz.ttf":["assets/fonts/LotsOfDotz.ttf"],"assets/images/heart.png":["assets/images/heart.png"],"assets/images/skull.png":["assets/images/skull.png"],"packages/cupertino_icons/assets/CupertinoIcons.ttf":["packages/cupertino_icons/assets/CupertinoIcons.ttf"]}